timestamp,temp_c,humidity
2025-05-27 09:45:44,24.8,73
2025-05-27 10:00:44,25.3,73
2025-05-27 10:15:45,25.8,73
2025-05-27 10:30:45,26.2,73
2025-05-27 10:45:45,26.2,72
2025-05-27 11:00:48,27.1,72
2025-05-27 11:15:48,27.1,72
2025-05-27 11:30:49,27.3,71
2025-05-27 11:45:49,27.6,71
2025-05-27 12:00:49,27.6,71
2025-05-27 12:15:50,27.6,71
2025-05-27 12:30:50,28.0,70
2025-05-27 12:45:50,28.0,70
2025-05-27 13:00:51,28.3,70
2025-05-27 13:15:51,28.5,70
2025-05-27 13:30:51,28.9,69
2025-05-27 13:45:52,28.9,69
2025-05-27 14:00:52,28.9,69
2025-05-27 14:15:52,29.3,68
2025-05-27 14:30:53,29.4,68
2025-05-27 14:45:53,29.8,67
2025-05-27 15:00:53,30.2,65
2025-05-27 15:15:54,30.2,65
2025-05-27 15:30:54,29.8,66
2025-05-27 15:45:54,29.8,66
2025-05-27 16:00:55,29.8,66
2025-05-27 16:15:55,29.8,67
2025-05-27 16:30:55,29.8,69
2025-05-27 16:45:56,29.8,68
2025-05-27 17:00:56,29.4,68
2025-05-27 17:15:56,29.3,67
2025-05-27 17:30:57,29.3,66
2025-05-27 17:45:57,28.9,65
2025-05-27 18:00:57,28.9,64
2025-05-27 18:15:58,28.5,63
2025-05-27 18:30:58,28.5,62
2025-05-27 18:45:59,28.5,62
2025-05-27 19:00:59,28.0,62
2025-05-27 19:15:59,27.6,61
2025-05-27 19:31:00,27.1,60
2025-05-27 19:46:00,26.7,58
2025-05-27 20:01:00,25.8,58
2025-05-27 20:16:01,25.8,57
2025-05-27 20:31:01,25.3,56
2025-05-27 20:46:01,24.8,57
2025-05-27 21:01:02,24.6,57
2025-05-27 21:16:02,24.5,57
2025-05-27 21:31:02,24.1,57
2025-05-27 21:46:03,23.8,56
2025-05-27 22:01:03,23.8,56
2025-05-27 22:16:03,23.4,56
2025-05-27 22:31:04,23.1,56
2025-05-27 22:46:04,23.0,57
2025-05-27 23:01:04,22.6,57
2025-05-27 23:16:05,22.6,57
2025-05-27 23:31:05,22.6,58
2025-05-27 23:46:05,22.2,57
2025-05-28 00:01:06,22.2,58
2025-05-28 00:16:06,21.8,58
2025-05-28 00:31:06,21.6,58
2025-05-28 00:46:07,21.4,59
2025-05-28 01:01:07,21.3,59
2025-05-28 01:16:07,21.0,59
2025-05-28 01:31:08,20.9,60
2025-05-28 01:46:08,20.6,60
2025-05-28 02:01:09,20.6,60
2025-05-28 02:16:09,20.2,60
2025-05-28 02:31:09,20.2,60
2025-05-28 02:46:10,19.8,60
2025-05-28 03:01:10,19.8,61
2025-05-28 03:16:10,19.7,61
2025-05-28 03:31:10,19.4,61
2025-05-28 03:46:11,19.4,61
2025-05-28 04:01:11,19.2,61
2025-05-28 04:16:12,19.0,61
2025-05-28 04:31:12,19.0,61
2025-05-28 04:46:12,18.6,60
2025-05-28 05:01:13,18.6,60
2025-05-28 05:16:13,18.6,60
2025-05-28 05:31:13,18.4,60
2025-05-28 05:46:14,18.2,60
2025-05-28 06:01:14,18.2,60
2025-05-28 06:16:14,18.0,60
2025-05-28 06:31:15,17.8,60
2025-05-28 06:46:15,17.8,60
2025-05-28 07:01:15,17.6,62
2025-05-28 07:16:16,17.5,64
2025-05-28 07:31:18,17.8,64
2025-05-28 07:46:19,17.8,64
2025-05-28 08:01:19,17.8,63
2025-05-28 08:16:19,18.2,62
2025-05-28 08:31:20,18.2,61
2025-05-28 08:46:20,18.6,61
2025-05-28 09:01:21,18.9,60
2025-05-28 09:16:21,19.0,59
2025-05-28 09:31:21,19.4,59
2025-05-28 09:46:22,19.4,59
2025-05-28 10:01:22,19.8,58
2025-05-28 10:16:22,19.8,58
2025-05-28 10:31:23,20.2,58
2025-05-28 10:46:23,20.2,58
2025-05-28 11:01:23,20.5,57
2025-05-28 11:16:24,20.6,57
2025-05-28 11:31:24,20.6,57
2025-05-28 11:46:24,21.0,56
2025-05-28 12:01:25,21.0,55
2025-05-28 12:16:25,21.4,55
2025-05-28 12:31:25,21.4,55
2025-05-28 12:46:26,21.7,55
2025-05-28 13:01:26,21.8,55
2025-05-28 13:16:26,21.8,54
2025-05-28 13:31:27,22.2,54
2025-05-28 13:46:27,22.2,54
2025-05-28 14:01:27,22.3,54
2025-05-28 14:16:28,22.6,54
2025-05-28 14:31:28,22.6,54
2025-05-28 14:46:28,22.6,53
2025-05-28 15:01:29,22.6,53
2025-05-28 15:16:29,22.6,53
2025-05-28 15:31:32,22.6,54
2025-05-28 15:46:32,22.6,54
2025-05-28 16:01:32,22.6,54
2025-05-28 16:16:33,22.6,54
2025-05-28 16:31:33,22.4,54
2025-05-28 16:46:33,22.2,54
2025-05-28 17:01:34,22.2,54
2025-05-28 17:16:34,22.2,54
2025-05-28 17:31:35,21.9,54
2025-05-28 17:46:35,21.8,54
2025-05-28 18:01:35,21.8,53
2025-05-28 18:16:36,22.2,52
2025-05-28 18:31:36,22.6,49
2025-05-28 18:46:36,22.7,49
2025-05-28 19:01:37,22.6,49
2025-05-28 19:16:37,22.2,51
2025-05-28 19:31:37,21.8,51
2025-05-28 19:46:38,21.4,52
2025-05-28 20:01:38,21.8,54
2025-05-28 20:16:38,22.2,54
2025-05-28 20:31:39,22.6,53
2025-05-28 20:46:39,22.7,54
2025-05-28 21:01:39,22.6,53
2025-05-28 21:16:40,22.6,53
2025-05-28 21:31:40,22.2,52
2025-05-28 21:46:43,21.4,52
2025-05-28 22:01:43,21.4,52
2025-05-28 22:16:43,21.0,53
2025-05-28 22:31:44,20.6,54
2025-05-28 22:46:44,20.3,54
2025-05-28 23:01:44,20.2,54
2025-05-28 23:16:45,19.8,55
2025-05-28 23:31:45,19.8,55
2025-05-28 23:46:45,19.8,55
2025-05-29 00:01:46,19.4,55
2025-05-29 00:16:46,19.4,55
2025-05-29 00:31:46,19.4,55
2025-05-29 00:46:47,19.4,55
2025-05-29 01:01:47,19.1,55
2025-05-29 01:16:47,19.0,55
2025-05-29 01:31:48,19.0,55
2025-05-29 01:46:48,19.0,55
2025-05-29 02:01:48,19.0,55
2025-05-29 02:16:49,18.7,56
2025-05-29 02:31:49,18.6,56
2025-05-29 02:46:49,18.6,56
2025-05-29 03:01:50,18.6,56
2025-05-29 03:16:52,18.4,56
2025-05-29 03:31:53,18.5,56
2025-05-29 03:46:53,18.2,56
2025-05-29 04:01:53,18.2,57
2025-05-29 04:16:54,18.2,57
2025-05-29 04:31:54,18.2,57
2025-05-29 04:46:54,18.2,57
2025-05-29 05:01:55,18.2,57
2025-05-29 05:16:55,18.1,57
2025-05-29 05:31:55,17.9,57
2025-05-29 05:46:56,17.8,57
2025-05-29 06:01:56,17.8,57
2025-05-29 06:16:56,17.8,57
2025-05-29 06:31:57,17.8,58
2025-05-29 06:46:57,17.8,58
2025-05-29 07:01:57,17.8,58
2025-05-29 07:17:00,17.6,58
2025-05-29 07:32:02,17.6,58
2025-05-29 07:47:03,17.6,59
2025-05-29 08:02:03,17.7,59
2025-05-29 08:17:03,17.7,59
2025-05-29 08:32:04,17.8,59
2025-05-29 08:47:04,17.8,59
2025-05-29 09:02:04,17.8,60
2025-05-29 09:17:05,18.2,60
2025-05-29 09:32:05,18.2,61
2025-05-29 09:47:05,18.6,61
2025-05-29 10:02:06,18.8,61
2025-05-29 10:17:06,19.0,61
2025-05-29 10:32:06,19.2,61
2025-05-29 10:47:09,19.8,60
2025-05-29 11:02:09,19.8,60
2025-05-29 11:17:10,20.2,60
2025-05-29 11:32:10,20.2,60
2025-05-29 11:47:10,20.6,60
2025-05-29 12:02:11,20.6,60
2025-05-29 12:17:11,21.0,59
2025-05-29 12:32:14,21.8,57
2025-05-29 12:47:14,21.8,57
2025-05-29 13:02:14,21.8,57
2025-05-29 13:17:15,22.2,56
2025-05-29 13:32:15,22.4,56
2025-05-29 13:47:15,22.6,56
2025-05-29 14:02:16,22.6,56
2025-05-29 14:17:16,22.6,56
2025-05-29 14:32:19,22.8,57
2025-05-29 14:47:19,22.8,57
2025-05-29 15:02:19,22.6,57
2025-05-29 15:17:20,22.6,57
2025-05-29 15:32:20,22.6,58
2025-05-29 15:47:23,22.6,59
2025-05-29 16:02:23,22.6,59
2025-05-29 16:17:23,22.6,59
2025-05-29 16:32:24,22.6,59
2025-05-29 16:47:24,22.2,59
2025-05-29 17:02:24,22.2,59
2025-05-29 17:17:25,22.2,60
2025-05-29 17:32:25,22.2,60
2025-05-29 17:47:26,22.6,60
2025-05-29 18:02:26,23.0,59
2025-05-29 18:17:26,23.0,59
2025-05-29 18:32:27,23.4,59
2025-05-29 18:47:27,23.8,59
2025-05-29 19:02:27,23.8,59
2025-05-29 19:17:28,23.6,59
2025-05-29 19:32:28,23.0,61
2025-05-29 19:47:28,23.0,61
2025-05-29 20:02:29,22.6,62
2025-05-29 20:17:29,22.2,63
2025-05-29 20:32:29,22.0,64
2025-05-29 20:47:30,21.8,64
2025-05-29 21:02:30,21.8,64
2025-05-29 21:17:30,21.4,63
2025-05-29 21:32:31,21.4,63
2025-05-29 21:47:31,21.0,64
2025-05-29 22:02:31,21.0,65
2025-05-29 22:17:32,21.0,67
2025-05-29 22:32:32,21.0,67
2025-05-29 22:47:32,20.8,68
2025-05-29 23:02:33,20.6,69
2025-05-29 23:17:33,20.6,70
2025-05-29 23:32:33,20.6,70
2025-05-29 23:47:36,20.2,70
2025-05-30 00:02:36,20.2,70
2025-05-30 00:17:37,20.2,70
2025-05-30 00:32:37,20.2,70
2025-05-30 00:47:37,19.8,70
2025-05-30 01:02:38,19.8,70
2025-05-30 01:17:38,19.8,70
2025-05-30 01:32:38,19.8,70
2025-05-30 01:47:39,19.5,70
2025-05-30 02:02:39,19.4,70
2025-05-30 02:17:39,19.4,70
2025-05-30 02:32:40,19.4,70
2025-05-30 02:47:40,19.1,70
2025-05-30 03:02:40,19.0,70
2025-05-30 03:17:41,19.0,70
2025-05-30 03:32:41,19.0,70
2025-05-30 03:47:41,19.0,70
2025-05-30 04:02:42,19.0,70
2025-05-30 04:17:42,18.9,70
2025-05-30 04:32:42,18.7,70
2025-05-30 04:47:43,18.6,71
2025-05-30 05:02:43,18.6,71
2025-05-30 05:17:44,18.6,71
2025-05-30 05:32:44,18.6,71
2025-05-30 05:47:44,18.6,71
2025-05-30 06:02:45,18.6,71
2025-05-30 06:17:45,18.6,72
2025-05-30 06:32:45,18.4,72
2025-05-30 06:47:46,18.2,72
2025-05-30 07:02:46,18.2,72
2025-05-30 07:17:46,18.2,72
2025-05-30 07:32:47,18.2,72
2025-05-30 07:47:47,18.2,72
2025-05-30 08:02:47,18.2,72
2025-05-30 08:17:50,18.2,73
2025-05-30 08:32:50,18.2,73
2025-05-30 08:47:51,18.6,73
2025-05-30 09:02:51,19.4,73
2025-05-30 09:17:51,20.2,71
2025-05-30 09:32:52,20.6,70
2025-05-30 09:47:52,20.9,70
2025-05-30 10:02:52,21.0,69
2025-05-30 10:17:53,21.0,69
2025-05-30 10:32:53,21.0,69
2025-05-30 10:47:54,21.4,69
2025-05-30 11:02:54,21.5,69
2025-05-30 11:17:54,21.8,69
2025-05-30 11:32:55,21.8,69
2025-05-30 11:47:55,21.8,69
2025-05-30 12:02:55,22.2,69
2025-05-30 12:17:56,21.8,70
2025-05-30 12:32:56,21.7,71
2025-05-30 12:47:56,21.4,72
2025-05-30 13:02:57,21.0,72
2025-05-30 13:17:57,21.0,73
2025-05-30 13:32:57,21.4,73
2025-05-30 13:48:00,22.2,72
2025-05-30 14:03:00,22.2,72
2025-05-30 14:18:01,22.2,72
2025-05-30 14:33:01,21.8,72
2025-05-30 14:48:01,21.8,72
2025-05-30 15:03:02,21.8,73
2025-05-30 15:18:02,22.2,73
2025-05-30 15:33:02,22.3,73
2025-05-30 15:48:03,22.6,73
2025-05-30 16:03:03,22.6,72
2025-05-30 16:18:03,22.6,72
2025-05-30 16:33:04,22.6,72
2025-05-30 16:48:04,22.5,73
2025-05-30 17:03:04,22.2,73
2025-05-30 17:18:05,22.2,73
2025-05-30 17:33:05,22.2,73
2025-05-30 17:48:06,22.2,73
2025-05-30 18:03:06,22.2,73
2025-05-30 18:18:06,22.2,72
2025-05-30 18:33:07,21.8,73
2025-05-30 18:48:07,21.4,73
2025-05-30 19:03:10,21.0,75
2025-05-30 19:18:10,21.0,75
2025-05-30 19:33:10,20.7,77
2025-05-30 19:48:11,20.6,77
2025-05-30 20:03:11,20.6,78
2025-05-30 20:18:11,20.6,78
2025-05-30 20:33:12,20.5,78
2025-05-30 20:48:12,20.2,79
2025-05-30 21:03:12,20.2,78
2025-05-30 21:18:13,20.2,78
2025-05-30 21:33:13,20.2,78
2025-05-30 21:48:13,19.8,78
2025-05-30 22:03:14,19.8,78
2025-05-30 22:18:14,19.8,78
2025-05-30 22:33:14,19.8,78
2025-05-30 22:48:15,19.4,78
2025-05-30 23:03:15,19.4,78
2025-05-30 23:18:16,19.4,78
2025-05-30 23:33:16,19.4,78
2025-05-30 23:48:16,19.4,78
2025-05-31 00:03:17,19.2,78
2025-05-31 00:18:17,19.0,78
2025-05-31 00:33:17,19.0,78
2025-05-31 00:48:18,19.0,78
2025-05-31 01:03:18,19.0,78
2025-05-31 01:18:18,19.0,78
2025-05-31 01:33:19,19.0,78
2025-05-31 01:48:19,19.0,78
2025-05-31 02:03:22,18.7,78
2025-05-31 02:18:22,18.8,78
2025-05-31 02:33:22,18.6,78
2025-05-31 02:48:23,18.6,78
2025-05-31 03:03:23,18.6,78
2025-05-31 03:18:24,18.6,78
2025-05-31 03:33:24,18.6,78
2025-05-31 03:48:24,18.6,78
2025-05-31 04:03:25,18.6,78
2025-05-31 04:18:25,18.6,78
2025-05-31 04:33:25,18.6,79
2025-05-31 04:48:26,18.6,80
2025-05-31 05:03:26,18.6,80
2025-05-31 05:18:26,18.6,80
2025-05-31 05:33:27,18.6,80
2025-05-31 05:48:27,18.6,81
2025-05-31 06:03:27,18.6,81
2025-05-31 06:18:28,18.6,81
2025-05-31 06:33:28,18.6,81
2025-05-31 06:48:28,18.6,81
2025-05-31 07:03:29,18.6,81
2025-05-31 07:18:29,18.6,80
2025-05-31 07:33:29,18.6,80
2025-05-31 07:48:30,18.4,80
2025-05-31 08:03:30,18.6,80
2025-05-31 08:18:30,18.5,80
2025-05-31 08:33:31,18.5,80
2025-05-31 08:48:31,18.6,80
2025-05-31 09:03:31,18.6,80
2025-05-31 09:18:32,18.6,80
2025-05-31 09:33:32,18.6,80
2025-05-31 09:48:33,18.6,80
2025-05-31 10:03:33,18.6,80
2025-05-31 10:18:33,19.0,81
2025-05-31 10:33:34,19.0,81
2025-05-31 10:48:34,19.0,82
2025-05-31 11:03:34,19.1,82
2025-05-31 11:18:35,19.4,82
2025-05-31 11:33:35,19.4,82
2025-05-31 11:48:35,19.4,81
2025-05-31 12:03:36,19.4,81
2025-05-31 12:18:36,19.5,81
2025-05-31 12:33:36,19.7,81
2025-05-31 12:48:37,19.7,81
2025-05-31 13:03:37,19.7,81
2025-05-31 13:18:37,19.8,81
2025-05-31 13:33:38,19.7,81
2025-05-31 13:48:38,19.6,81
2025-05-31 14:03:38,19.5,82
2025-05-31 14:18:39,19.4,82
2025-05-31 14:33:39,19.4,82
2025-05-31 14:48:39,19.4,82
2025-05-31 15:03:40,19.4,82
2025-05-31 15:18:40,19.4,82
2025-05-31 15:33:40,19.4,82
2025-05-31 15:48:41,19.4,82
2025-05-31 16:03:41,19.4,82
2025-05-31 16:18:42,19.4,82
2025-05-31 16:33:42,19.4,82
2025-05-31 16:48:42,19.4,82
2025-05-31 17:03:43,19.2,82
2025-05-31 17:18:43,19.4,82
2025-05-31 17:33:43,19.4,82
2025-05-31 17:48:44,19.4,83
2025-05-31 18:03:44,19.4,82
2025-05-31 18:18:44,19.4,83
2025-05-31 18:33:45,19.4,83
2025-05-31 18:48:45,19.4,83
2025-05-31 19:03:45,19.4,83
2025-05-31 19:18:46,19.3,83
2025-05-31 19:33:46,19.2,83
2025-05-31 19:48:46,19.1,83
2025-05-31 20:03:47,19.0,83
2025-05-31 20:18:47,19.0,82
2025-05-31 20:33:47,19.0,82
2025-05-31 20:48:48,19.0,83
2025-05-31 21:03:48,19.0,83
2025-05-31 21:18:48,19.0,83
2025-05-31 21:33:49,19.0,83
2025-05-31 21:48:49,19.0,83
2025-05-31 22:03:49,19.0,83
2025-05-31 22:18:50,19.0,83
2025-05-31 22:33:50,18.9,83
2025-05-31 22:48:50,18.8,83
2025-05-31 23:03:51,18.6,82
2025-05-31 23:18:51,18.6,82
2025-05-31 23:33:51,18.6,82
2025-05-31 23:48:52,18.6,82
2025-06-01 00:03:52,18.6,82
2025-06-01 00:18:52,18.6,82
2025-06-01 00:33:53,18.6,82
2025-06-01 00:48:53,18.4,82
2025-06-01 01:03:53,18.2,82
2025-06-01 01:18:54,18.2,82
2025-06-01 01:33:54,18.2,82
2025-06-01 01:48:55,18.2,82
2025-06-01 02:03:55,18.2,82
2025-06-01 02:18:55,18.2,82
2025-06-01 02:33:56,18.2,82
2025-06-01 02:48:56,18.1,82
2025-06-01 03:03:56,18.1,82
2025-06-01 03:18:57,17.9,82
2025-06-01 03:33:57,17.8,82
2025-06-01 03:48:57,17.8,82
2025-06-01 04:03:58,17.8,82
2025-06-01 04:18:58,17.8,82
2025-06-01 04:33:58,17.8,82
2025-06-01 04:48:59,17.8,82
2025-06-01 05:03:59,17.8,82
2025-06-01 05:18:59,17.7,82
2025-06-01 05:34:00,17.6,82
2025-06-01 05:49:00,17.4,82
2025-06-01 06:04:01,17.4,82
2025-06-01 06:19:01,17.4,82
2025-06-01 06:34:01,17.4,82
2025-06-01 06:49:02,17.4,82
2025-06-01 07:04:02,17.4,82
2025-06-01 07:19:02,17.5,82
2025-06-01 07:34:03,18.4,81
2025-06-01 07:49:03,19.0,80
2025-06-01 08:04:03,19.0,79
2025-06-01 08:19:04,19.0,78
2025-06-01 08:34:04,19.5,79
2025-06-01 08:49:04,20.2,78
2025-06-01 09:04:05,20.8,78
2025-06-01 09:19:05,21.4,76
2025-06-01 09:34:05,21.8,74
2025-06-01 09:49:06,22.2,73
2025-06-01 10:04:06,22.6,73
2025-06-01 10:19:06,23.0,72
2025-06-01 10:34:07,23.0,72
2025-06-01 10:49:07,23.4,72
2025-06-01 11:04:07,24.1,71
2025-06-01 11:19:07,23.8,72
2025-06-01 11:34:08,23.8,72
2025-06-01 11:49:08,22.6,73
2025-06-01 12:04:09,22.6,73
2025-06-01 12:19:09,23.4,73
2025-06-01 12:34:09,23.8,72
2025-06-01 12:49:10,23.8,72
2025-06-01 13:04:10,24.1,71
2025-06-01 13:19:10,23.8,72
2025-06-01 13:34:11,24.1,71
2025-06-01 13:49:11,24.1,71
2025-06-01 14:04:11,24.1,71
2025-06-01 14:19:12,23.8,72
2025-06-01 14:34:12,23.8,72
2025-06-01 14:49:12,24.1,71
2025-06-01 15:04:13,24.1,69
2025-06-01 15:19:13,23.8,70
2025-06-01 15:34:14,23.8,70
2025-06-01 15:49:14,24.1,70
2025-06-01 16:04:14,24.1,70
2025-06-01 16:19:15,24.1,69
2025-06-01 16:34:15,23.8,70
2025-06-01 16:49:15,23.8,71
2025-06-01 17:04:16,23.4,71
2025-06-01 17:19:16,23.4,71
2025-06-01 17:34:17,23.8,70
2025-06-01 17:49:17,23.6,70
2025-06-01 18:04:17,23.4,70
2025-06-01 18:19:18,23.0,71
2025-06-01 18:34:18,22.6,71
2025-06-01 18:49:18,22.3,71
2025-06-01 19:04:19,22.6,71
2025-06-01 19:19:19,22.8,71
2025-06-01 19:34:19,23.0,71
2025-06-01 19:49:20,22.6,71
2025-06-01 20:04:20,22.1,72
2025-06-01 20:19:20,21.8,73
2025-06-01 20:34:21,21.4,73
2025-06-01 20:49:21,21.4,73
2025-06-01 21:04:21,21.4,73
2025-06-01 21:19:22,21.0,74
2025-06-01 21:34:22,21.0,74
2025-06-01 21:49:23,21.0,74
2025-06-01 22:04:23,20.6,76
2025-06-01 22:19:23,20.6,77
2025-06-01 22:34:24,20.4,77
2025-06-01 22:49:24,20.2,78
2025-06-01 23:04:24,20.2,78
2025-06-01 23:19:25,19.8,78
2025-06-01 23:34:25,19.8,78
2025-06-01 23:49:25,19.8,78
2025-06-02 00:04:28,19.4,78
2025-06-02 00:19:28,19.4,78
2025-06-02 00:34:29,19.4,78
2025-06-02 00:49:29,19.4,78
2025-06-02 01:04:29,19.0,78
2025-06-02 01:19:30,19.0,78
2025-06-02 01:34:30,19.0,78
2025-06-02 01:49:30,19.0,78
2025-06-02 02:04:31,18.8,78
2025-06-02 02:19:31,18.6,78
2025-06-02 02:34:32,18.6,78
2025-06-02 02:49:32,18.6,78
2025-06-02 03:04:32,18.6,78
2025-06-02 03:19:33,18.6,78
2025-06-02 03:34:33,18.5,78
2025-06-02 03:49:33,18.2,78
2025-06-02 04:04:34,18.2,79
2025-06-02 04:19:34,18.2,79
2025-06-02 04:34:34,18.2,79
2025-06-02 04:49:35,18.1,79
2025-06-02 05:04:35,17.8,79
2025-06-02 05:19:36,17.8,79
2025-06-02 05:34:36,17.8,79
2025-06-02 05:49:36,17.8,79
2025-06-02 06:04:37,17.8,79
2025-06-02 06:19:37,17.8,80
2025-06-02 06:34:37,17.8,80
2025-06-02 06:49:38,17.5,80
2025-06-02 07:04:38,17.4,80
2025-06-02 07:19:38,17.4,80
2025-06-02 07:34:39,17.4,80
2025-06-02 07:49:39,17.5,80
2025-06-02 08:04:40,17.7,79
2025-06-02 08:19:40,17.8,79
2025-06-02 08:34:40,17.8,80
2025-06-02 08:49:41,18.2,81
2025-06-02 09:04:41,18.5,81
2025-06-02 09:19:41,19.0,80
2025-06-02 09:34:42,19.4,79
2025-06-02 09:49:42,19.8,78
2025-06-02 10:04:42,20.2,78
2025-06-02 10:19:43,20.2,78
2025-06-02 10:34:43,20.2,78
2025-06-02 10:49:43,20.6,78
2025-06-02 11:04:44,20.6,78
2025-06-02 11:19:44,20.9,78
2025-06-02 11:34:44,21.0,77
2025-06-02 11:49:45,21.0,77
2025-06-02 12:04:45,21.8,76
2025-06-02 12:19:45,22.6,75
2025-06-02 12:34:46,22.6,74
2025-06-02 12:49:46,23.0,74
2025-06-02 13:04:46,23.4,73
2025-06-02 13:19:47,23.0,74
2025-06-02 13:34:47,23.4,74
2025-06-02 13:49:47,23.0,75
2025-06-02 14:04:48,23.0,74
2025-06-02 14:19:48,22.7,75
2025-06-02 14:34:49,22.7,75
2025-06-02 14:49:49,23.0,76
2025-06-02 15:04:49,23.0,77
2025-06-02 15:19:50,23.0,77
2025-06-02 15:34:50,22.6,77
2025-06-02 15:49:50,22.6,78
2025-06-02 16:04:51,22.6,79
2025-06-02 16:19:51,22.6,79
2025-06-02 16:34:51,22.6,79
2025-06-02 16:49:52,22.2,80
2025-06-02 17:04:52,22.3,80
2025-06-02 17:19:52,22.2,80
2025-06-02 17:34:53,22.2,80
2025-06-02 17:49:53,22.1,80
2025-06-02 18:04:54,21.9,80
2025-06-02 18:19:54,21.8,80
2025-06-02 18:34:54,21.8,80
2025-06-02 18:49:55,21.8,80
2025-06-02 19:04:55,21.8,81
2025-06-02 19:19:55,22.0,81
2025-06-02 19:34:56,23.0,79
2025-06-02 19:49:56,23.4,77
2025-06-02 20:04:56,23.8,77
2025-06-02 20:19:57,23.8,76
2025-06-02 20:34:57,23.8,76
2025-06-02 20:49:57,23.8,76
2025-06-02 21:04:58,23.4,76
2025-06-02 21:19:58,23.0,77
2025-06-02 21:34:59,22.6,77
2025-06-02 21:49:59,22.2,77
2025-06-02 22:04:59,22.2,78
2025-06-02 22:20:00,21.8,79
2025-06-02 22:35:00,21.8,79
2025-06-02 22:50:00,21.4,79
2025-06-02 23:05:01,21.4,80
2025-06-02 23:20:01,21.4,80
2025-06-02 23:35:01,21.0,80
2025-06-02 23:50:02,21.0,80
2025-06-03 00:05:02,21.0,80
2025-06-03 00:20:02,20.6,81
2025-06-03 00:35:03,20.6,81
2025-06-03 00:50:03,20.6,81
2025-06-03 01:05:03,20.2,81
2025-06-03 01:20:04,20.2,81
2025-06-03 01:35:04,20.2,81
2025-06-03 01:50:05,19.8,81
2025-06-03 02:05:05,19.8,81
2025-06-03 02:20:05,19.8,82
2025-06-03 02:35:06,19.8,82
2025-06-03 02:50:06,19.7,82
2025-06-03 03:05:06,19.4,82
2025-06-03 03:20:07,19.4,82
2025-06-03 03:35:07,19.4,82
2025-06-03 03:50:07,19.4,82
2025-06-03 04:05:08,19.2,82
2025-06-03 04:20:08,19.0,82
2025-06-03 04:35:08,19.0,82
2025-06-03 04:50:09,19.0,82
2025-06-03 05:05:09,19.0,82
2025-06-03 05:20:10,18.9,82
2025-06-03 05:35:10,18.7,82
2025-06-03 05:50:10,18.6,82
2025-06-03 06:05:11,18.6,82
2025-06-03 06:20:11,18.6,82
2025-06-03 06:35:11,18.6,82
2025-06-03 06:50:12,18.6,82
2025-06-03 07:05:14,18.6,83
2025-06-03 07:20:15,18.6,83
2025-06-03 07:35:15,18.9,83
2025-06-03 07:50:15,19.2,82
2025-06-03 08:05:16,19.6,82
2025-06-03 08:20:16,20.2,81
2025-06-03 08:35:17,20.6,80
2025-06-03 08:50:17,21.0,79
2025-06-03 09:05:17,21.8,77
2025-06-03 09:20:18,22.6,76
2025-06-03 09:35:18,23.0,73
2025-06-03 09:50:18,23.4,71
2025-06-03 10:05:19,23.8,69
2025-06-03 10:20:19,24.1,69
2025-06-03 10:35:19,24.2,67
2025-06-03 10:50:20,24.8,64
2025-06-03 11:05:20,25.7,64
2025-06-03 11:20:20,25.8,62
2025-06-03 11:35:21,26.2,61
2025-06-03 11:50:21,26.2,60
2025-06-03 12:05:22,26.2,59
2025-06-03 12:20:22,26.2,59
2025-06-03 12:35:22,26.2,59
2025-06-03 12:50:23,26.2,59
2025-06-03 13:05:23,26.2,59
2025-06-03 13:20:23,26.4,58
2025-06-03 13:35:24,26.7,59
2025-06-03 13:50:24,26.7,56
2025-06-03 14:05:24,26.2,57
2025-06-03 14:20:25,26.7,57
2025-06-03 14:35:25,26.7,55
2025-06-03 14:50:25,27.0,55
2025-06-03 15:05:28,26.3,54
2025-06-03 15:20:28,26.3,54
2025-06-03 15:35:29,25.9,53
2025-06-03 15:50:29,25.8,53
2025-06-03 16:05:29,25.8,52
2025-06-03 16:20:30,25.5,52
2025-06-03 16:35:30,25.3,52
2025-06-03 16:50:30,25.3,52
2025-06-03 17:05:31,24.8,52
2025-06-03 17:20:31,24.8,52
2025-06-03 17:35:32,24.8,52
2025-06-03 17:50:34,24.5,52
2025-06-03 18:05:35,24.5,52
2025-06-03 18:20:35,24.5,53
2025-06-03 18:35:35,24.1,54
2025-06-03 18:50:36,23.8,54
2025-06-03 19:05:36,23.6,56
2025-06-03 19:20:36,23.8,56
2025-06-03 19:35:37,23.8,56
2025-06-03 19:50:37,23.4,57
2025-06-03 20:05:37,23.0,59
2025-06-03 20:20:38,22.6,60
2025-06-03 20:35:38,22.3,62
2025-06-03 20:50:38,22.2,63
2025-06-03 21:05:39,22.1,64
2025-06-03 21:20:39,21.8,66
2025-06-03 21:35:39,21.8,67
2025-06-03 21:50:40,21.4,68
2025-06-03 22:05:40,21.4,68
2025-06-03 22:20:40,21.0,68
2025-06-03 22:35:41,21.0,68
2025-06-03 22:50:41,20.6,69
2025-06-03 23:05:42,20.6,69
2025-06-03 23:20:42,20.3,69
2025-06-03 23:35:42,20.2,69
2025-06-03 23:50:43,19.9,69
2025-06-04 00:05:43,19.8,69
2025-06-04 00:20:43,19.8,70
2025-06-04 00:35:44,19.7,69
2025-06-04 00:50:44,19.4,70
2025-06-04 01:05:44,19.4,70
2025-06-04 01:20:45,19.3,70
2025-06-04 01:35:45,19.0,70
2025-06-04 01:50:45,19.0,70
2025-06-04 02:05:46,18.9,70
2025-06-04 02:20:48,18.6,70
2025-06-04 02:35:49,18.6,70
2025-06-04 02:50:49,18.5,70
2025-06-04 03:05:52,18.2,70
2025-06-04 03:20:52,18.2,70
2025-06-04 03:35:52,18.2,70
2025-06-04 03:50:53,17.8,70
2025-06-04 04:05:53,17.8,70
2025-06-04 04:20:54,17.8,70
2025-06-04 04:35:54,17.4,71
2025-06-04 04:50:54,17.4,71
2025-06-04 05:05:55,17.4,71
2025-06-04 05:20:55,17.0,71
2025-06-04 05:35:55,17.0,71
2025-06-04 05:50:56,17.0,71
2025-06-04 06:05:56,16.9,72
2025-06-04 06:20:56,16.6,73
2025-06-04 06:35:57,16.6,73
2025-06-04 06:50:57,16.6,73
2025-06-04 07:05:57,16.4,74
2025-06-04 07:20:58,16.6,74
2025-06-04 07:35:58,17.0,74
2025-06-04 07:50:58,17.0,74
2025-06-04 08:05:59,17.4,74
2025-06-04 08:20:59,18.0,73
2025-06-04 08:35:59,18.4,72
2025-06-04 08:51:00,18.8,71
2025-06-04 09:06:00,19.0,70
2025-06-04 09:21:00,19.8,70
2025-06-04 09:36:01,20.2,69
2025-06-04 09:51:01,21.3,65
2025-06-04 10:06:01,21.5,63
2025-06-04 10:21:04,21.8,63
2025-06-04 10:36:07,21.8,63
2025-06-04 10:51:07,21.8,63
2025-06-04 11:06:07,22.2,63
2025-06-04 11:21:08,22.6,62
2025-06-04 11:36:08,22.6,61
2025-06-04 11:51:08,23.0,61
2025-06-04 12:06:09,23.7,59
2025-06-04 12:21:09,23.8,59
2025-06-04 12:36:10,24.1,58
2025-06-04 12:51:10,24.1,58
2025-06-04 13:06:10,24.1,58
2025-06-04 13:21:11,24.5,57
2025-06-04 13:36:11,24.5,57
2025-06-04 13:51:11,24.5,57
2025-06-04 14:06:14,24.1,57
2025-06-04 14:21:17,24.5,56
2025-06-04 14:36:17,24.5,57
2025-06-04 14:51:20,24.5,55
2025-06-04 15:06:20,24.5,55
2025-06-04 15:21:20,24.1,55
2025-06-04 15:36:21,23.8,54
2025-06-04 15:51:23,23.8,51
2025-06-04 16:06:24,23.8,51
2025-06-04 16:21:24,23.5,52
2025-06-04 16:36:24,23.4,52
2025-06-04 16:51:25,23.4,52
2025-06-04 17:06:25,23.4,52
2025-06-04 17:21:25,23.3,52
2025-06-04 17:36:28,23.0,51
2025-06-04 17:51:28,23.0,51
2025-06-04 18:06:29,22.6,52
2025-06-04 18:21:31,22.5,50
2025-06-04 18:36:32,22.6,50
2025-06-04 18:51:32,22.2,51
2025-06-04 19:06:35,22.2,52
2025-06-04 19:21:35,22.2,52
2025-06-04 19:36:36,22.2,52
2025-06-04 19:51:40,21.8,53
2025-06-04 20:06:41,21.8,53
2025-06-04 20:21:41,21.8,54
2025-06-04 20:36:41,21.4,54
2025-06-04 20:51:44,20.2,58
2025-06-04 21:06:44,20.2,58
2025-06-04 21:21:47,19.8,60
2025-06-04 21:36:47,19.8,60
2025-06-04 21:51:48,19.4,61
2025-06-04 22:06:50,19.0,62
2025-06-04 22:21:51,19.0,62
2025-06-04 22:36:53,18.6,62
2025-06-04 22:51:54,18.6,62
2025-06-04 23:06:54,18.4,62
2025-06-04 23:21:54,18.2,62
2025-06-04 23:36:57,17.8,62
2025-06-04 23:51:57,17.8,62
2025-06-05 00:06:58,17.5,62
2025-06-05 00:22:00,17.3,61
2025-06-05 00:37:01,17.2,61
2025-06-05 00:52:01,17.0,61
2025-06-05 01:07:03,16.6,61
2025-06-05 01:22:06,16.6,61
2025-06-05 01:37:06,16.6,61
2025-06-05 01:52:07,16.2,61
2025-06-05 02:07:07,16.1,61
2025-06-05 02:22:07,15.9,62
2025-06-05 02:37:10,15.7,63
2025-06-05 02:52:10,15.7,63
2025-06-05 03:07:11,15.5,63
2025-06-05 03:22:11,15.2,63
2025-06-05 03:37:11,15.2,63
2025-06-05 03:52:12,14.9,63
2025-06-05 04:07:12,14.8,63
2025-06-05 04:22:12,14.8,63
2025-06-05 04:37:13,14.6,63
2025-06-05 04:52:13,14.4,64
2025-06-05 05:07:14,14.4,64
2025-06-05 05:22:14,14.4,64
2025-06-05 05:37:17,14.1,64
2025-06-05 05:52:17,14.1,64
2025-06-05 06:07:19,14.0,66
2025-06-05 06:22:20,14.0,66
2025-06-05 06:37:22,13.7,65
2025-06-05 06:52:25,13.7,65
2025-06-05 07:07:25,13.7,65
2025-06-05 07:22:26,13.7,65
2025-06-05 07:37:28,14.4,64
2025-06-05 07:52:31,14.8,63
2025-06-05 08:07:31,14.8,63
2025-06-05 08:22:32,15.5,63
2025-06-05 08:37:32,16.1,63
2025-06-05 08:52:32,16.6,63
2025-06-05 09:07:33,17.4,63
2025-06-05 09:22:33,18.2,62
2025-06-05 09:37:33,18.6,61
2025-06-05 09:52:36,19.0,61
2025-06-05 10:07:39,19.0,61
2025-06-05 10:22:39,19.0,61
2025-06-05 10:37:42,19.4,60
2025-06-05 10:52:42,19.4,60
2025-06-05 11:07:42,19.8,60
2025-06-05 11:22:43,19.8,60
2025-06-05 11:37:43,20.2,60
2025-06-05 11:52:43,20.4,60
2025-06-05 12:07:44,20.6,60
2025-06-05 12:22:44,21.0,59
2025-06-05 12:37:44,21.0,58
2025-06-05 12:52:47,21.4,58
2025-06-05 13:07:47,21.4,58
2025-06-05 13:22:48,21.8,58
2025-06-05 13:37:48,21.8,58
2025-06-05 13:52:51,22.0,58
2025-06-05 14:07:51,22.0,58
2025-06-05 14:22:51,22.2,58
2025-06-05 14:37:54,22.2,57
2025-06-05 14:52:54,22.2,57
2025-06-05 15:07:57,22.0,57
2025-06-05 15:22:59,21.8,57
2025-06-05 15:38:00,21.8,57
2025-06-05 15:53:00,21.8,57
2025-06-05 16:08:01,21.8,57
2025-06-05 16:23:01,21.7,58
2025-06-05 16:38:01,21.4,58
2025-06-05 16:53:02,21.4,58
2025-06-05 17:08:04,21.0,58
2025-06-05 17:23:05,21.0,58
2025-06-05 17:38:05,20.8,60
2025-06-05 17:53:08,21.4,59
2025-06-05 18:08:10,21.4,59
2025-06-05 18:23:11,21.4,59
2025-06-05 18:38:11,21.4,59
2025-06-05 18:53:13,20.6,62
2025-06-05 19:08:14,20.6,62
2025-06-05 19:23:16,20.2,63
2025-06-05 19:38:17,20.2,63
2025-06-05 19:53:17,19.8,64
2025-06-05 20:08:20,19.4,66
2025-06-05 20:23:20,19.4,66
2025-06-05 20:38:23,19.2,68
2025-06-05 20:53:23,19.3,68
2025-06-05 21:08:24,19.0,68
2025-06-05 21:23:24,19.0,68
2025-06-05 21:38:24,18.6,67
2025-06-05 21:53:24,18.6,67
2025-06-05 22:08:25,18.2,67
2025-06-05 22:23:25,17.9,66
2025-06-05 22:38:26,17.8,66
2025-06-05 22:53:28,17.4,66
2025-06-05 23:08:31,17.2,67
2025-06-05 23:23:31,17.2,67
2025-06-05 23:38:32,17.0,67
2025-06-05 23:53:32,17.0,67
2025-06-06 00:08:32,16.6,67
2025-06-06 00:23:33,16.6,67
2025-06-06 00:38:33,16.4,67
2025-06-06 00:53:33,16.1,67
2025-06-06 01:08:34,16.1,67
2025-06-06 01:23:34,16.1,67
2025-06-06 01:38:34,15.7,69
2025-06-06 01:53:35,15.7,69
2025-06-06 02:08:35,15.6,69
2025-06-06 02:23:35,15.2,69
2025-06-06 02:38:36,15.2,69
2025-06-06 02:53:38,15.0,69
2025-06-06 03:08:39,15.0,69
2025-06-06 03:23:41,14.8,70
2025-06-06 03:38:44,14.8,70
2025-06-06 03:53:44,14.8,70
2025-06-06 04:08:44,14.6,70
2025-06-06 04:23:45,14.4,70
2025-06-06 04:38:45,14.4,70
2025-06-06 04:53:48,14.4,70
2025-06-06 05:08:48,14.4,70
2025-06-06 05:23:49,14.1,70
2025-06-06 05:38:51,14.1,71
2025-06-06 05:53:52,14.1,71
2025-06-06 06:08:52,14.1,71
2025-06-06 06:23:52,14.0,71
2025-06-06 06:38:53,13.8,71
2025-06-06 06:53:53,13.8,71
2025-06-06 07:08:53,13.7,71
2025-06-06 07:23:54,14.1,71
2025-06-06 07:38:54,14.4,71
2025-06-06 07:53:54,14.8,70
2025-06-06 08:08:55,15.2,69
2025-06-06 08:23:55,15.7,68
2025-06-06 08:38:55,16.6,68
2025-06-06 08:53:56,17.0,69
2025-06-06 09:08:56,17.8,70
2025-06-06 09:23:56,19.0,67
2025-06-06 09:38:57,20.2,65
2025-06-06 09:53:57,21.0,63
2025-06-06 10:08:58,21.0,61
2025-06-06 10:23:58,21.3,61
2025-06-06 10:38:58,21.4,61
2025-06-06 10:53:59,21.9,59
2025-06-06 11:08:59,22.2,59
2025-06-06 11:24:02,22.6,59
2025-06-06 11:39:02,22.6,59
2025-06-06 11:54:02,23.4,58
2025-06-06 12:09:03,23.4,58
2025-06-06 12:24:03,23.6,58
2025-06-06 12:39:03,23.8,58
2025-06-06 12:54:04,23.8,57
2025-06-06 13:09:04,24.5,59
2025-06-06 13:24:04,24.8,57
2025-06-06 13:39:05,25.8,56
2025-06-06 13:54:05,26.2,55
2025-06-06 14:09:05,26.2,54
2025-06-06 14:24:08,26.2,54
2025-06-06 14:39:11,26.2,54
2025-06-06 14:54:11,26.2,54
2025-06-06 15:09:11,26.2,55
2025-06-06 15:24:12,26.2,54
2025-06-06 15:39:12,25.8,53
2025-06-06 15:54:12,25.5,54
2025-06-06 16:09:13,24.8,53
2025-06-06 16:24:13,24.8,54
2025-06-06 16:39:13,24.5,53
2025-06-06 16:54:14,24.5,54
2025-06-06 17:09:14,24.5,55
2025-06-06 17:24:14,24.1,56
2025-06-06 17:39:15,24.0,57
2025-06-06 17:54:17,23.8,59
2025-06-06 18:09:18,23.8,59
2025-06-06 18:24:18,23.4,60
2025-06-06 18:39:21,23.0,60
2025-06-06 18:54:21,23.0,60
2025-06-06 19:09:21,23.0,60
2025-06-06 19:24:22,22.6,61
2025-06-06 19:39:24,21.8,62
2025-06-06 19:54:27,21.7,63
2025-06-06 20:09:30,21.4,63
2025-06-06 20:24:32,21.3,64
2025-06-06 20:39:33,21.3,64
2025-06-06 20:54:35,20.8,66
2025-06-06 21:09:38,20.6,66
2025-06-06 21:24:38,20.6,66
2025-06-06 21:39:39,20.6,67
2025-06-06 21:54:39,20.6,68
2025-06-06 22:09:41,20.2,70
2025-06-06 22:24:42,20.2,70
2025-06-06 22:39:42,20.2,69
2025-06-06 22:54:45,19.8,69
2025-06-06 23:09:45,19.8,70
2025-06-06 23:24:46,19.8,70
2025-06-06 23:39:46,19.4,70
2025-06-06 23:54:46,19.4,70
2025-06-07 00:09:47,19.2,70
2025-06-07 00:24:47,19.0,69
2025-06-07 00:39:47,19.0,69
2025-06-07 00:54:48,18.8,69
2025-06-07 01:09:50,18.6,69
2025-06-07 01:24:53,18.6,69
2025-06-07 01:39:53,18.6,69
2025-06-07 01:54:54,18.3,69
2025-06-07 02:09:54,18.2,70
2025-06-07 02:24:54,18.2,69
2025-06-07 02:39:55,18.2,70
2025-06-07 02:54:55,18.2,70
2025-06-07 03:09:55,18.0,70
2025-06-07 03:24:56,17.8,70
2025-06-07 03:39:56,17.8,70
2025-06-07 03:54:56,17.8,70
2025-06-07 04:09:57,17.8,70
2025-06-07 04:24:57,17.8,70
2025-06-07 04:39:57,17.7,70
2025-06-07 04:54:58,17.4,70
2025-06-07 05:09:58,17.4,70
2025-06-07 05:25:01,17.4,70
2025-06-07 05:40:01,17.4,70
2025-06-07 05:55:01,17.3,70
2025-06-07 06:10:04,17.0,70
2025-06-07 06:25:07,17.0,70
2025-06-07 06:40:09,17.0,70
2025-06-07 06:55:10,17.0,70
2025-06-07 07:10:10,16.9,70
2025-06-07 07:25:10,17.0,70
2025-06-07 07:40:11,17.0,71
2025-06-07 07:55:11,17.0,71
2025-06-07 08:10:11,17.3,70
2025-06-07 08:25:12,17.4,70
2025-06-07 08:40:12,17.4,70
2025-06-07 08:55:13,17.8,70
2025-06-07 09:10:13,18.6,70
2025-06-07 09:25:13,18.6,70
2025-06-07 09:40:14,19.2,73
2025-06-07 09:55:14,19.8,73
2025-06-07 10:10:14,20.2,73
2025-06-07 10:25:15,20.6,73
2025-06-07 10:40:15,20.8,73
2025-06-07 10:55:15,21.0,72
2025-06-07 11:10:16,21.0,72
2025-06-07 11:25:16,21.4,71
2025-06-07 11:40:16,21.4,71
2025-06-07 11:55:17,21.8,71
2025-06-07 12:10:17,21.8,71
2025-06-07 12:25:18,21.8,71
2025-06-07 12:40:20,22.3,70
2025-06-07 12:55:21,22.4,70
2025-06-07 13:10:21,22.6,69
2025-06-07 13:25:21,23.0,69
2025-06-07 13:40:22,23.0,69
2025-06-07 13:55:24,23.8,69
2025-06-07 14:10:25,23.8,69
2025-06-07 14:25:25,23.8,68
2025-06-07 14:40:25,23.8,68
2025-06-07 14:55:25,23.8,68
2025-06-07 15:10:26,23.8,68
2025-06-07 15:25:26,23.8,68
2025-06-07 15:40:27,23.8,67
2025-06-07 15:55:27,23.8,67
2025-06-07 16:10:29,23.4,67
2025-06-07 16:25:30,23.4,68
2025-06-07 16:40:30,23.4,68
2025-06-07 16:55:31,23.4,68
2025-06-07 17:10:31,23.1,68
2025-06-07 17:25:31,23.0,68
2025-06-07 17:40:32,23.0,68
2025-06-07 17:55:32,22.6,68
2025-06-07 18:10:32,22.6,68
2025-06-07 18:25:33,22.3,67
2025-06-07 18:40:33,22.2,67
2025-06-07 18:55:33,22.0,68
2025-06-07 19:10:34,21.8,67
2025-06-07 19:25:34,21.8,67
2025-06-07 19:40:34,21.5,68
2025-06-07 19:55:35,21.4,68
2025-06-07 20:10:35,21.4,68
2025-06-07 20:25:35,21.0,68
2025-06-07 20:40:38,20.6,70
2025-06-07 20:55:41,20.6,70
2025-06-07 21:10:43,20.2,70
2025-06-07 21:25:44,20.2,70
2025-06-07 21:40:44,20.2,70
2025-06-07 21:55:44,19.8,70
2025-06-07 22:10:45,19.8,70
2025-06-07 22:25:45,19.5,69
2025-06-07 22:40:48,19.3,69
2025-06-07 22:55:48,19.3,69
2025-06-07 23:10:51,19.0,68
2025-06-07 23:25:51,19.0,69
2025-06-07 23:40:51,18.6,68
2025-06-07 23:55:52,18.6,68
2025-06-08 00:10:52,18.4,68
2025-06-08 00:25:52,18.2,68
2025-06-08 00:40:55,17.8,68
2025-06-08 00:55:55,17.8,68
2025-06-08 01:10:58,17.4,67
2025-06-08 01:25:58,17.4,67
2025-06-08 01:40:59,17.0,67
2025-06-08 01:55:59,17.0,67
2025-06-08 02:11:02,16.6,67
2025-06-08 02:26:02,16.6,67
2025-06-08 02:41:05,16.1,67
2025-06-08 02:56:05,16.1,67
2025-06-08 03:11:08,15.7,68
2025-06-08 03:26:08,15.7,68
2025-06-08 03:41:11,15.5,68
2025-06-08 03:56:11,15.5,68
2025-06-08 04:11:11,15.2,68
2025-06-08 04:26:12,15.2,68
2025-06-08 04:41:12,14.8,68
2025-06-08 04:56:12,14.8,68
2025-06-08 05:11:13,14.8,68
2025-06-08 05:26:13,14.4,68
2025-06-08 05:41:13,14.4,68
2025-06-08 05:56:14,14.4,68
2025-06-08 06:11:14,14.1,68
2025-06-08 06:26:14,14.1,68
2025-06-08 06:41:15,14.1,68
2025-06-08 06:56:15,14.1,68
2025-06-08 07:11:15,13.7,68
2025-06-08 07:26:16,14.0,68
2025-06-08 07:41:16,14.1,67
2025-06-08 07:56:16,14.4,67
2025-06-08 08:11:17,14.8,66
2025-06-08 08:26:17,15.2,66
2025-06-08 08:41:20,16.6,65
2025-06-08 08:56:20,16.6,65
2025-06-08 09:11:21,17.0,65
2025-06-08 09:26:23,18.2,64
2025-06-08 09:41:24,18.2,64
2025-06-08 09:56:24,18.6,63
2025-06-08 10:11:26,19.7,61
2025-06-08 10:26:27,19.8,61
2025-06-08 10:41:29,20.2,60
2025-06-08 10:56:30,20.3,60
2025-06-08 11:11:32,21.0,58
2025-06-08 11:26:33,21.0,58
2025-06-08 11:41:35,21.8,54
2025-06-08 11:56:36,21.8,54
2025-06-08 12:11:36,22.1,54
2025-06-08 12:26:39,22.2,54
2025-06-08 12:41:39,22.2,54
2025-06-08 12:56:39,22.6,54
2025-06-08 13:11:42,23.0,54
2025-06-08 13:26:42,23.0,54
2025-06-08 13:41:43,23.0,54
2025-06-08 13:56:43,23.0,54
2025-06-08 14:11:46,23.4,54
2025-06-08 14:26:48,23.4,54
2025-06-08 14:41:49,23.4,54
2025-06-08 14:56:49,23.4,54
2025-06-08 15:11:49,23.0,54
2025-06-08 15:26:52,22.6,54
2025-06-08 15:41:55,22.6,54
2025-06-08 15:56:55,22.6,54
2025-06-08 16:11:55,22.2,53
2025-06-08 16:26:56,22.2,51
2025-06-08 16:41:56,22.2,52
2025-06-08 16:56:59,21.7,51
2025-06-08 17:11:59,21.7,51
2025-06-08 17:27:00,21.4,49
2025-06-08 17:42:02,21.0,51
2025-06-08 17:57:03,21.0,51
2025-06-08 18:12:03,21.0,53
2025-06-08 18:27:06,21.0,54
2025-06-08 18:42:06,21.0,54
2025-06-08 18:57:06,21.0,58
2025-06-08 19:12:07,21.0,59
2025-06-08 19:27:09,20.6,62
2025-06-08 19:42:10,20.6,62
2025-06-08 19:57:10,20.5,62
2025-06-08 20:12:10,20.2,61
2025-06-08 20:27:11,19.8,61
2025-06-08 20:42:13,19.4,60
2025-06-08 20:57:14,19.4,60
2025-06-08 21:12:16,19.1,60
2025-06-08 21:27:17,19.1,60
2025-06-08 21:42:17,19.0,60
2025-06-08 21:57:17,18.9,60
2025-06-08 22:12:18,18.6,60
2025-06-08 22:27:18,18.6,60
2025-06-08 22:42:18,18.3,60
2025-06-08 22:57:21,18.1,60
2025-06-08 23:12:21,18.1,60
2025-06-08 23:27:24,17.8,60
2025-06-08 23:42:27,17.4,59
2025-06-08 23:57:27,17.4,60
2025-06-09 00:12:27,17.4,59
2025-06-09 00:27:30,17.0,59
2025-06-09 00:42:30,17.0,59
2025-06-09 00:57:33,16.6,59
2025-06-09 01:12:36,16.4,59
2025-06-09 01:27:38,16.1,60
2025-06-09 01:42:39,16.1,60
2025-06-09 01:57:41,15.7,61
2025-06-09 02:12:42,15.7,61
2025-06-09 02:27:42,15.7,61
2025-06-09 02:42:45,15.2,61
2025-06-09 02:57:45,15.2,61
2025-06-09 03:12:45,15.2,61
2025-06-09 03:27:46,14.8,61
2025-06-09 03:42:46,14.8,61
2025-06-09 03:57:46,14.8,61
2025-06-09 04:12:47,14.4,61
2025-06-09 04:27:49,14.4,61
2025-06-09 04:42:50,14.4,61
2025-06-09 04:57:50,14.1,61
2025-06-09 05:12:53,14.1,62
2025-06-09 05:27:53,14.1,62
2025-06-09 05:42:53,13.9,62
2025-06-09 05:57:56,13.7,62
2025-06-09 06:12:56,13.7,62
2025-06-09 06:27:57,13.7,63
2025-06-09 06:42:57,13.7,63
2025-06-09 06:58:00,13.3,63
2025-06-09 07:13:02,13.7,63
2025-06-09 07:28:05,13.9,63
2025-06-09 07:43:05,14.0,63
2025-06-09 07:58:06,14.4,62
2025-06-09 08:13:06,14.8,61
2025-06-09 08:28:06,15.2,61
2025-06-09 08:43:09,16.6,61
2025-06-09 08:58:09,16.6,61
2025-06-09 09:13:10,17.0,60
2025-06-09 09:28:12,17.8,60
2025-06-09 09:43:13,17.8,60
2025-06-09 09:58:15,18.6,59
2025-06-09 10:13:16,18.5,59
2025-06-09 10:28:16,18.6,59
2025-06-09 10:43:16,19.0,59
2025-06-09 10:58:17,19.0,59
2025-06-09 11:13:17,19.4,59
2025-06-09 11:28:18,19.8,59
2025-06-09 11:43:18,19.8,59
2025-06-09 11:58:18,19.8,59
2025-06-09 12:13:19,19.8,59
2025-06-09 12:28:21,20.2,59
2025-06-09 12:43:22,20.2,60
2025-06-09 12:58:22,20.6,59
2025-06-09 13:13:22,20.6,58
2025-06-09 13:28:23,20.6,58
2025-06-09 13:43:23,20.6,58
2025-06-09 13:58:26,20.2,57
2025-06-09 14:13:26,20.2,57
2025-06-09 14:28:26,20.6,55
2025-06-09 14:43:29,20.6,52
2025-06-09 14:58:29,20.6,53
2025-06-09 15:13:30,20.6,51
2025-06-09 15:28:32,20.2,49
2025-06-09 15:43:35,19.8,47
2025-06-09 15:58:38,19.8,47
2025-06-09 16:13:40,19.4,47
2025-06-09 16:28:43,19.4,49
2025-06-09 16:43:43,19.4,49
2025-06-09 16:58:44,19.1,48
2025-06-09 17:13:46,19.4,50
2025-06-09 17:28:49,19.4,50
2025-06-09 17:43:51,19.0,51
2025-06-09 17:58:54,18.6,51
2025-06-09 18:13:54,18.6,51
2025-06-09 18:28:55,18.6,51
2025-06-09 18:43:55,18.2,51
2025-06-09 18:58:58,17.8,52
2025-06-09 19:13:58,17.9,52
2025-06-09 19:28:58,17.8,52
2025-06-09 19:44:01,17.7,53
2025-06-09 19:59:01,17.7,53
2025-06-09 20:14:02,17.4,53
2025-06-09 20:29:02,17.4,53
2025-06-09 20:44:02,17.4,53
2025-06-09 20:59:03,17.2,54
2025-06-09 21:14:03,17.0,54
2025-06-09 21:29:03,17.0,54
2025-06-09 21:44:06,16.6,54
2025-06-09 21:59:09,16.6,54
2025-06-09 22:14:09,16.6,54
2025-06-09 22:29:09,16.5,54
2025-06-09 22:44:12,16.1,54
2025-06-09 22:59:12,16.1,54
2025-06-09 23:14:15,15.7,55
2025-06-09 23:29:15,15.7,55
2025-06-09 23:44:16,15.4,55
2025-06-09 23:59:16,15.2,54
2025-06-10 00:14:16,15.2,54
2025-06-10 00:29:17,14.8,54
2025-06-10 00:44:17,14.8,54
2025-06-10 00:59:17,14.8,54
2025-06-10 01:14:18,14.6,54
2025-06-10 01:29:18,14.4,54
2025-06-10 01:44:18,14.4,54
2025-06-10 01:59:19,14.4,54
2025-06-10 02:14:19,14.2,54
2025-06-10 02:29:19,14.1,54
2025-06-10 02:44:20,14.1,54
2025-06-10 02:59:22,13.9,54
2025-06-10 03:14:23,13.9,54
2025-06-10 03:29:25,13.7,54
2025-06-10 03:44:26,13.7,54
2025-06-10 03:59:26,13.7,54
2025-06-10 04:14:29,13.4,54
2025-06-10 04:29:31,13.3,54
2025-06-10 04:44:32,13.3,54
2025-06-10 04:59:32,13.3,54
2025-06-10 05:14:32,13.3,54
2025-06-10 05:29:35,13.2,55
2025-06-10 05:44:38,13.0,55
2025-06-10 05:59:38,13.0,55
2025-06-10 06:14:41,13.0,57
2025-06-10 06:29:41,13.0,57
2025-06-10 06:44:41,13.0,57
2025-06-10 06:59:42,13.0,57
2025-06-10 07:14:44,13.2,60
2025-06-10 07:29:45,13.2,60
2025-06-10 07:44:45,13.3,61
2025-06-10 07:59:48,14.4,61
2025-06-10 08:14:50,14.8,60
2025-06-10 08:29:51,14.8,60
2025-06-10 08:44:53,15.8,59
2025-06-10 08:59:56,16.1,58
2025-06-10 09:14:56,16.1,58
2025-06-10 09:29:57,16.6,57
2025-06-10 09:44:59,17.4,56
2025-06-10 10:00:00,17.4,56
2025-06-10 10:15:00,17.4,56
2025-06-10 10:30:02,17.8,55
2025-06-10 10:45:05,18.2,55
2025-06-10 11:00:08,18.5,55
2025-06-10 11:15:08,18.5,55
2025-06-10 11:30:11,19.3,54
2025-06-10 11:45:11,19.3,54
2025-06-10 12:00:11,19.8,53
2025-06-10 12:15:14,19.8,53
2025-06-10 12:30:17,19.8,53
2025-06-10 12:45:17,19.8,53
2025-06-10 13:00:17,19.8,53
2025-06-10 13:15:18,20.2,53
2025-06-10 13:30:18,20.2,53
2025-06-10 13:45:18,20.6,52
2025-06-10 14:00:19,20.6,52
2025-06-10 14:15:19,20.6,52
2025-06-10 14:30:19,20.6,52
2025-06-10 14:45:20,20.7,51
2025-06-10 15:00:20,20.6,51
2025-06-10 15:15:20,20.3,52
2025-06-10 15:30:21,20.2,52
2025-06-10 15:45:21,20.2,52
2025-06-10 16:00:22,20.1,52
2025-06-10 16:15:24,19.8,54
2025-06-10 16:30:25,19.8,54
2025-06-10 16:45:25,19.8,54
2025-06-10 17:00:27,19.4,53
2025-06-10 17:15:28,19.4,53
2025-06-10 17:30:28,19.1,53
2025-06-10 17:45:29,19.3,53
2025-06-10 18:00:31,20.2,50
2025-06-10 18:15:32,20.2,51
2025-06-10 18:30:32,20.6,50
2025-06-10 18:45:32,21.0,50
2025-06-10 19:00:33,21.0,50
2025-06-10 19:15:33,20.2,51
2025-06-10 19:30:36,19.4,52
2025-06-10 19:45:38,19.8,54
2025-06-10 20:00:39,19.8,54
2025-06-10 20:15:39,19.8,53
2025-06-10 20:30:39,19.4,53
2025-06-10 20:45:42,19.0,52
2025-06-10 21:00:42,19.0,52
2025-06-10 21:15:42,19.0,52
2025-06-10 21:30:43,18.6,52
2025-06-10 21:45:43,18.2,53
2025-06-10 22:00:44,17.8,54
2025-06-10 22:15:44,17.6,54
2025-06-10 22:30:44,17.4,54
2025-06-10 22:45:45,17.0,54
2025-06-10 23:00:45,17.0,54
2025-06-10 23:15:45,16.6,54
2025-06-10 23:30:46,16.6,54
2025-06-10 23:45:46,16.1,54
2025-06-11 00:00:46,16.1,53
2025-06-11 00:15:47,16.0,53
2025-06-11 00:30:47,15.7,54
2025-06-11 00:45:47,15.7,54
2025-06-11 01:00:48,15.5,54
2025-06-11 01:15:48,15.2,54
2025-06-11 01:30:48,15.2,54
2025-06-11 01:45:49,15.1,54
2025-06-11 02:00:49,14.9,54
2025-06-11 02:15:50,14.8,54
2025-06-11 02:30:50,14.8,54
2025-06-11 02:45:50,14.7,54
2025-06-11 03:00:51,14.8,54
2025-06-11 03:15:51,15.0,53
2025-06-11 03:30:51,14.8,53
2025-06-11 03:45:54,14.4,54
2025-06-11 04:00:54,14.4,54
2025-06-11 04:15:55,14.1,54
2025-06-11 04:30:55,14.1,54
2025-06-11 04:45:58,13.7,54
2025-06-11 05:00:58,13.7,54
2025-06-11 05:15:58,13.7,55
2025-06-11 05:30:59,13.4,55
2025-06-11 05:45:59,13.3,55
2025-06-11 06:00:59,13.3,55
2025-06-11 06:16:00,13.2,56
2025-06-11 06:31:02,13.0,56
2025-06-11 06:46:03,13.0,56
2025-06-11 07:01:03,12.8,56
2025-06-11 07:16:03,12.7,58
2025-06-11 07:31:04,13.0,59
2025-06-11 07:46:06,13.3,61
2025-06-11 08:01:09,13.9,60
2025-06-11 08:16:12,14.4,61
2025-06-11 08:31:14,15.2,63
2025-06-11 08:46:15,15.2,63
2025-06-11 09:01:15,16.5,61
2025-06-11 09:16:15,17.0,60
2025-06-11 09:31:16,17.8,58
2025-06-11 09:46:16,18.2,57
2025-06-11 10:01:16,18.2,57
2025-06-11 10:16:17,18.8,56
2025-06-11 10:31:17,19.0,55
2025-06-11 10:46:17,19.3,55
2025-06-11 11:01:18,19.3,55
2025-06-11 11:16:18,19.4,54
2025-06-11 11:31:18,19.4,54
2025-06-11 11:46:19,19.4,54
2025-06-11 12:01:19,19.8,54
2025-06-11 12:16:20,20.2,53
2025-06-11 12:31:20,20.2,52
2025-06-11 12:46:20,20.2,52
2025-06-11 13:01:21,20.1,52
2025-06-11 13:16:21,19.8,52
2025-06-11 13:31:21,20.6,51
2025-06-11 13:46:24,21.4,49
2025-06-11 14:01:24,21.4,49
2025-06-11 14:16:27,21.6,49
2025-06-11 14:31:29,21.8,48
2025-06-11 14:46:30,21.8,48
2025-06-11 15:01:32,21.4,48
2025-06-11 15:16:35,21.4,48
2025-06-11 15:31:35,21.4,48
2025-06-11 15:46:36,21.4,48
2025-06-11 16:01:38,21.4,48
2025-06-11 16:16:39,21.4,48
2025-06-11 16:31:39,21.4,48
2025-06-11 16:46:39,21.4,48
2025-06-11 17:01:42,21.0,49
2025-06-11 17:16:42,21.0,49
2025-06-11 17:31:43,21.0,49
2025-06-11 17:46:43,21.0,49
2025-06-11 18:01:46,20.6,50
2025-06-11 18:16:46,20.6,50
2025-06-11 18:31:49,20.4,49
2025-06-11 18:46:51,20.2,49
2025-06-11 19:01:51,20.2,49
2025-06-11 19:16:52,19.8,50
2025-06-11 19:31:52,19.4,50
2025-06-11 19:46:53,18.9,50
2025-06-11 20:01:53,18.5,50
2025-06-11 20:16:53,18.2,51
2025-06-11 20:31:54,17.9,51
2025-06-11 20:46:54,17.8,52
2025-06-11 21:01:54,17.5,52
2025-06-11 21:16:55,17.4,52
2025-06-11 21:31:57,17.0,52
2025-06-11 21:47:00,17.0,52
2025-06-11 22:02:00,17.0,52
2025-06-11 22:17:00,16.6,52
2025-06-11 22:32:01,16.4,52
2025-06-11 22:47:01,16.1,52
2025-06-11 23:02:01,15.8,53
2025-06-11 23:17:02,15.7,53
2025-06-11 23:32:02,15.5,53
2025-06-11 23:47:03,15.2,53
2025-06-12 00:02:03,15.1,53
2025-06-12 00:17:03,14.8,53
2025-06-12 00:32:04,14.8,53
2025-06-12 00:47:04,14.4,53
2025-06-12 01:02:04,14.4,53
2025-06-12 01:17:07,14.1,53
2025-06-12 01:32:07,14.1,53
2025-06-12 01:47:10,13.7,54
2025-06-12 02:02:10,13.8,54
2025-06-12 02:17:11,13.7,54
2025-06-12 02:32:11,13.7,54
2025-06-12 02:47:14,13.3,54
2025-06-12 03:02:14,13.3,54
2025-06-12 03:17:14,13.3,54
2025-06-12 03:32:15,13.1,54
2025-06-12 03:47:15,13.0,54
2025-06-12 04:02:15,13.0,54
2025-06-12 04:17:16,13.0,54
2025-06-12 04:32:18,12.6,55
2025-06-12 04:47:19,12.6,55
2025-06-12 05:02:19,12.6,55
2025-06-12 05:17:20,12.6,55
2025-06-12 05:32:20,12.6,55
2025-06-12 05:47:20,12.6,55
2025-06-12 06:02:21,12.3,55
2025-06-12 06:17:21,12.2,58
2025-06-12 06:32:21,12.2,59
2025-06-12 06:47:22,11.8,59
2025-06-12 07:02:24,11.8,60
2025-06-12 07:17:27,11.8,60
2025-06-12 07:32:27,11.8,60
2025-06-12 07:47:30,12.2,60
2025-06-12 08:02:30,12.2,60
2025-06-12 08:17:31,12.6,59
2025-06-12 08:32:31,13.3,59
2025-06-12 08:47:34,14.7,59
2025-06-12 09:02:34,14.7,59
2025-06-12 09:17:34,15.7,60
2025-06-12 09:32:37,17.0,58
2025-06-12 09:47:37,17.0,58
2025-06-12 10:02:40,17.8,57
2025-06-12 10:17:42,18.2,56
2025-06-12 10:32:43,18.2,56
2025-06-12 10:47:45,19.0,55
2025-06-12 11:02:48,19.0,54
2025-06-12 11:17:48,19.0,54
2025-06-12 11:32:51,19.8,52
2025-06-12 11:47:53,19.8,52
2025-06-12 12:02:54,19.8,52
2025-06-12 12:17:56,19.8,51
2025-06-12 12:32:57,19.8,51
2025-06-12 12:47:57,19.8,49
2025-06-12 13:03:00,20.6,48
2025-06-12 13:18:00,20.6,48
2025-06-12 13:33:01,21.0,48
2025-06-12 13:48:01,21.1,48
2025-06-12 14:03:01,21.3,48
2025-06-12 14:18:02,21.0,48
2025-06-12 14:33:04,21.8,48
2025-06-12 14:48:05,21.8,48
2025-06-12 15:03:05,21.8,48
2025-06-12 15:18:08,21.8,48
2025-06-12 15:33:08,21.8,48
2025-06-12 15:48:11,21.4,48
2025-06-12 16:03:11,21.4,48
2025-06-12 16:18:11,21.4,48
2025-06-12 16:33:14,21.0,48
2025-06-12 16:48:17,21.0,48
2025-06-12 17:03:17,21.0,48
2025-06-12 17:18:17,21.0,48
2025-06-12 17:33:20,20.6,50
2025-06-12 17:48:20,20.6,50
2025-06-12 18:03:21,19.8,50
2025-06-12 18:18:21,19.4,50
2025-06-12 18:33:21,19.0,51
2025-06-12 18:48:22,18.6,52
2025-06-12 19:03:24,18.2,52
2025-06-12 19:18:27,18.1,53
2025-06-12 19:33:27,18.1,53
2025-06-12 19:48:30,17.8,54
2025-06-12 20:03:30,17.8,54
2025-06-12 20:18:31,17.6,55
2025-06-12 20:33:31,17.4,55
2025-06-12 20:48:31,17.4,55
2025-06-12 21:03:32,17.0,55
2025-06-12 21:18:32,17.0,55
2025-06-12 21:33:32,16.6,55
2025-06-12 21:48:33,16.4,55
2025-06-12 22:03:35,15.8,56
2025-06-12 22:18:38,15.7,56
2025-06-12 22:33:40,15.5,56
2025-06-12 22:48:43,15.2,56
2025-06-12 23:03:43,15.2,56
2025-06-12 23:18:46,14.8,56
2025-06-12 23:33:46,14.8,56
2025-06-12 23:48:47,14.5,56
2025-06-13 00:03:47,14.4,56
2025-06-13 00:18:47,14.2,56
2025-06-13 00:33:48,14.1,56
2025-06-13 00:48:48,14.0,56
2025-06-13 01:03:48,13.7,56
2025-06-13 01:18:51,13.3,56
2025-06-13 01:33:54,13.3,56
2025-06-13 01:48:54,13.3,56
2025-06-13 02:03:54,13.2,56
2025-06-13 02:18:55,13.0,56
2025-06-13 02:33:57,12.6,56
2025-06-13 02:49:00,12.6,56
2025-06-13 03:04:00,12.6,56
2025-06-13 03:19:03,12.2,56
2025-06-13 03:34:03,12.2,56
2025-06-13 03:49:04,12.2,56
2025-06-13 04:04:06,11.8,56
2025-06-13 04:19:07,11.8,56
2025-06-13 04:34:07,11.8,56
2025-06-13 04:49:07,11.5,56
2025-06-13 05:04:08,11.3,56
2025-06-13 05:19:08,11.3,56
2025-06-13 05:34:09,11.1,56
2025-06-13 05:49:09,10.9,57
2025-06-13 06:04:12,10.9,60
2025-06-13 06:19:14,10.7,61
2025-06-13 06:34:17,10.5,61
2025-06-13 06:49:17,10.5,61
2025-06-13 07:04:17,10.5,60
2025-06-13 07:19:18,10.5,60
2025-06-13 07:34:20,10.9,61
2025-06-13 07:49:21,10.9,61
2025-06-13 08:04:21,11.4,60
2025-06-13 08:19:21,12.2,60
2025-06-13 08:34:22,13.3,61
2025-06-13 08:49:22,13.3,61
2025-06-13 09:04:22,14.4,61
2025-06-13 09:19:23,15.7,59
2025-06-13 09:34:25,16.1,57
2025-06-13 09:49:26,16.1,57
2025-06-13 10:04:26,16.6,57
2025-06-13 10:19:31,17.0,57
2025-06-13 10:34:34,17.4,55
2025-06-13 10:49:34,17.4,56
2025-06-13 11:04:34,17.8,55
2025-06-13 11:19:35,18.2,54
2025-06-13 11:34:37,18.6,53
2025-06-13 11:49:40,19.0,52
2025-06-13 12:04:40,19.0,52
2025-06-13 12:19:43,18.6,52
2025-06-13 12:34:43,18.6,52
2025-06-13 12:49:44,19.0,51
2025-06-13 13:04:44,19.4,50
2025-06-13 13:19:47,20.2,50
2025-06-13 13:34:49,20.2,49
2025-06-13 13:49:50,20.2,49
2025-06-13 14:04:50,20.2,49
2025-06-13 14:19:53,20.6,49
2025-06-13 14:34:53,20.6,49
2025-06-13 14:49:53,20.6,49
2025-06-13 15:04:56,20.6,48
2025-06-13 15:19:56,20.6,48
2025-06-13 15:34:57,20.6,48
2025-06-13 15:49:57,20.5,48
2025-06-13 16:05:00,21.4,46
2025-06-13 16:20:00,21.4,46
2025-06-13 16:35:00,21.0,46
2025-06-13 16:50:01,20.6,47
2025-06-13 17:05:03,20.6,45
2025-06-13 17:20:06,20.6,47
2025-06-13 17:35:06,20.6,47
2025-06-13 17:50:07,20.6,48
2025-06-13 18:05:09,20.2,48
2025-06-13 18:20:12,19.8,48
2025-06-13 18:35:12,19.8,48
2025-06-13 18:50:15,19.8,49
2025-06-13 19:05:15,19.8,49
2025-06-13 19:20:16,19.4,49
2025-06-13 19:35:18,19.0,49
2025-06-13 19:50:19,19.0,49
2025-06-13 20:05:21,18.6,49
2025-06-13 20:20:22,18.6,49
2025-06-13 20:35:22,18.2,49
2025-06-13 20:50:22,18.2,49
2025-06-13 21:05:25,17.8,49
2025-06-13 21:20:28,17.6,49
2025-06-13 21:35:28,17.6,49
2025-06-13 21:50:28,17.4,49
2025-06-13 22:05:31,17.0,49
2025-06-13 22:20:31,17.0,49
2025-06-13 22:35:31,17.0,49
2025-06-13 22:50:32,16.6,50
2025-06-13 23:05:32,16.6,50
2025-06-13 23:20:32,16.1,50
2025-06-13 23:35:35,16.1,49
2025-06-13 23:50:35,16.1,50
2025-06-14 00:05:36,15.7,51
2025-06-14 00:20:38,15.7,50
2025-06-14 00:35:39,15.7,51
2025-06-14 00:50:39,15.3,50
2025-06-14 01:05:42,15.2,51
2025-06-14 01:20:44,15.1,50
2025-06-14 01:35:47,14.8,51
2025-06-14 01:50:47,14.8,51
2025-06-14 02:05:48,14.8,50
2025-06-14 02:20:48,14.7,51
2025-06-14 02:35:51,14.4,51
2025-06-14 02:50:51,14.4,51
2025-06-14 03:05:54,14.4,51
2025-06-14 03:20:56,14.1,51
2025-06-14 03:35:57,14.2,51
2025-06-14 03:50:59,14.1,51
2025-06-14 04:06:02,14.1,51
2025-06-14 04:21:02,14.1,51
2025-06-14 04:36:03,13.9,51
2025-06-14 04:51:03,13.7,51
2025-06-14 05:06:03,13.7,51
2025-06-14 05:21:03,13.7,51
2025-06-14 05:36:06,13.3,51
2025-06-14 05:51:06,13.3,51
2025-06-14 06:06:07,13.3,51
2025-06-14 06:21:09,13.3,52
2025-06-14 06:36:12,13.3,52
2025-06-14 06:51:12,13.3,52
2025-06-14 07:06:15,13.2,52
2025-06-14 07:21:18,13.3,53
2025-06-14 07:36:18,13.3,53
2025-06-14 07:51:18,13.7,52
2025-06-14 08:06:19,14.1,52
2025-06-14 08:21:19,14.5,52
2025-06-14 08:36:19,14.8,52
2025-06-14 08:51:22,16.1,51
2025-06-14 09:06:22,16.1,51
2025-06-14 09:21:23,16.6,51
2025-06-14 09:36:23,17.0,52
2025-06-14 09:51:23,17.4,52
2025-06-14 10:06:24,17.8,52
2025-06-14 10:21:24,18.2,52
2025-06-14 10:36:25,18.6,52
2025-06-14 10:51:25,19.0,53
2025-06-14 11:06:25,19.0,53
2025-06-14 11:21:26,19.4,53
2025-06-14 11:36:26,19.5,54
2025-06-14 11:51:26,20.2,54
2025-06-14 12:06:27,20.5,54
2025-06-14 12:21:29,21.0,52
2025-06-14 12:36:30,21.0,52
2025-06-14 12:51:30,21.1,52
2025-06-14 13:06:33,21.4,51
2025-06-14 13:21:33,21.4,51
2025-06-14 13:36:33,21.8,51
2025-06-14 13:51:36,22.2,51
2025-06-14 14:06:38,21.8,51
2025-06-14 14:21:39,21.8,51
2025-06-14 14:36:41,22.2,51
2025-06-14 14:51:42,22.2,51
2025-06-14 15:06:42,22.2,50
2025-06-14 15:21:45,22.2,50
2025-06-14 15:36:45,22.2,50
2025-06-14 15:51:48,22.2,50
2025-06-14 16:06:48,22.2,50
2025-06-14 16:21:48,22.2,51
2025-06-14 16:36:51,21.8,52
2025-06-14 16:51:51,21.8,52
2025-06-14 17:06:54,21.4,52
2025-06-14 17:21:54,21.4,52
2025-06-14 17:36:57,21.0,53
2025-06-14 17:51:57,21.0,53
2025-06-14 18:06:58,20.6,54
2025-06-14 18:22:00,20.2,54
2025-06-14 18:37:01,20.2,54
2025-06-14 18:52:03,19.4,55
2025-06-14 19:07:04,19.4,55
2025-06-14 19:22:06,19.0,56
2025-06-14 19:37:07,19.0,56
2025-06-14 19:52:09,18.6,58
2025-06-14 20:07:12,18.2,58
2025-06-14 20:22:14,17.8,58
2025-06-14 20:37:17,17.8,59
2025-06-14 20:52:17,17.8,59
2025-06-14 21:07:18,17.4,59
2025-06-14 21:22:18,17.0,59
2025-06-14 21:37:19,17.0,59
2025-06-14 21:52:19,16.6,59
2025-06-14 22:07:19,16.6,59
2025-06-14 22:22:20,16.1,59
2025-06-14 22:37:20,16.1,60
2025-06-14 22:52:20,16.1,62
2025-06-14 23:07:21,16.1,67
2025-06-14 23:22:21,16.1,69
2025-06-14 23:37:21,15.8,70
2025-06-14 23:52:22,15.7,70
2025-06-15 00:07:22,15.7,71
2025-06-15 00:22:22,15.7,71
2025-06-15 00:37:23,15.7,71
2025-06-15 00:52:23,15.5,71
2025-06-15 01:07:24,15.2,71
2025-06-15 01:22:24,15.2,70
2025-06-15 01:37:24,14.9,69
2025-06-15 01:52:25,14.8,68
2025-06-15 02:07:25,14.6,67
2025-06-15 02:22:25,14.4,66
2025-06-15 02:37:26,14.4,66
2025-06-15 02:52:26,14.1,66
2025-06-15 03:07:26,14.1,66
2025-06-15 03:22:27,14.0,66
2025-06-15 03:37:27,13.7,66
2025-06-15 03:52:27,13.7,66
2025-06-15 04:07:28,13.7,66
2025-06-15 04:22:28,13.3,66
2025-06-15 04:37:31,13.3,66
2025-06-15 04:52:31,13.3,66
2025-06-15 05:07:31,13.3,66
2025-06-15 05:22:32,13.2,66
2025-06-15 05:37:32,13.0,66
2025-06-15 05:52:33,13.0,66
2025-06-15 06:07:35,13.0,66
2025-06-15 06:22:36,12.9,66
2025-06-15 06:37:36,12.7,66
2025-06-15 06:52:36,12.6,66
2025-06-15 07:07:39,13.2,65
2025-06-15 07:22:39,13.2,65
2025-06-15 07:37:42,13.3,64
2025-06-15 07:52:42,13.3,64
2025-06-15 08:07:43,13.6,64
2025-06-15 08:22:43,13.7,64
2025-06-15 08:37:43,14.1,64
2025-06-15 08:52:46,14.7,64
2025-06-15 09:07:46,14.8,64
2025-06-15 09:22:47,14.9,64
2025-06-15 09:37:49,15.7,63
2025-06-15 09:52:52,16.1,62
2025-06-15 10:07:52,16.1,62
2025-06-15 10:22:53,16.5,62
2025-06-15 10:37:55,17.8,64
2025-06-15 10:52:56,17.8,64
2025-06-15 11:07:58,20.4,62
2025-06-15 11:22:58,20.4,63
2025-06-15 11:37:59,21.2,60
2025-06-15 11:52:59,21.8,59
2025-06-15 12:08:00,22.3,58
2025-06-15 12:23:00,21.4,57
2025-06-15 12:38:02,21.4,58
2025-06-15 12:53:03,21.4,58
2025-06-15 13:08:03,21.2,58
2025-06-15 13:23:06,21.8,61
2025-06-15 13:38:06,21.8,61
2025-06-15 13:53:09,22.0,60
2025-06-15 14:08:09,22.0,60
2025-06-15 14:23:10,22.2,60
2025-06-15 14:38:10,22.2,60
2025-06-15 14:53:13,21.8,59
2025-06-15 15:08:13,21.8,59
2025-06-15 15:23:13,21.8,58
2025-06-15 15:38:16,21.8,58
2025-06-15 15:53:16,21.8,58
2025-06-15 16:08:17,21.8,58
2025-06-15 16:23:17,21.8,57
2025-06-15 16:38:17,21.8,58
2025-06-15 16:53:18,21.4,58
2025-06-15 17:08:18,21.4,58
2025-06-15 17:23:21,21.0,60
2025-06-15 17:38:21,21.0,60
2025-06-15 17:53:21,21.0,61
2025-06-15 18:08:24,20.6,62
2025-06-15 18:23:24,20.6,62
2025-06-15 18:38:25,20.7,62
2025-06-15 18:53:25,20.8,63
2025-06-15 19:08:26,20.9,66
2025-06-15 19:23:26,20.6,66
2025-06-15 19:38:26,20.6,67
2025-06-15 19:53:27,20.6,67
2025-06-15 20:08:27,20.2,67
2025-06-15 20:23:30,19.8,66
2025-06-15 20:38:32,19.8,66
2025-06-15 20:53:32,19.8,66
2025-06-15 21:08:33,19.4,66
2025-06-15 21:23:33,19.4,67
2025-06-15 21:38:34,19.0,66
2025-06-15 21:53:36,18.6,66
2025-06-15 22:08:37,18.6,66
2025-06-15 22:23:39,18.2,66
2025-06-15 22:38:40,18.2,66
2025-06-15 22:53:42,17.8,66
2025-06-15 23:08:42,17.8,66
2025-06-15 23:23:43,17.8,65
2025-06-15 23:38:43,17.4,65
2025-06-15 23:53:46,17.2,65
2025-06-16 00:08:46,17.1,65
2025-06-16 00:23:46,17.0,65
2025-06-16 00:38:47,17.0,65
2025-06-16 00:53:49,16.6,65
2025-06-16 01:08:50,16.6,65
2025-06-16 01:23:50,16.4,65
2025-06-16 01:38:50,16.1,65
2025-06-16 01:53:51,16.1,65
2025-06-16 02:08:51,15.8,66
2025-06-16 02:23:54,15.7,66
2025-06-16 02:38:56,15.5,66
2025-06-16 02:53:57,15.5,67
2025-06-16 03:08:57,15.2,67
2025-06-16 03:23:57,15.2,67
2025-06-16 03:38:58,15.2,67
2025-06-16 03:53:58,15.7,66
2025-06-16 04:08:59,15.7,65
2025-06-16 04:23:59,15.2,65
2025-06-16 04:38:59,14.8,66
2025-06-16 04:54:02,14.5,66
2025-06-16 05:09:05,14.4,66
2025-06-16 05:24:07,14.4,66
2025-06-16 05:39:10,14.2,66
2025-06-16 05:54:10,14.2,66
2025-06-16 06:09:11,14.1,66
2025-06-16 06:24:13,14.1,68
2025-06-16 06:39:13,14.1,68
2025-06-16 06:54:14,13.9,68
2025-06-16 07:09:14,13.7,68
2025-06-16 07:24:17,14.1,68
2025-06-16 07:39:17,14.1,68
2025-06-16 07:54:17,14.4,68
2025-06-16 08:09:18,14.7,67
2025-06-16 08:24:18,15.1,66
2025-06-16 08:39:18,15.7,66
2025-06-16 08:54:21,16.6,67
2025-06-16 09:09:21,16.6,67
2025-06-16 09:24:22,17.0,66
2025-06-16 09:39:22,17.4,66
2025-06-16 09:54:23,17.8,65
2025-06-16 10:09:23,18.1,65
2025-06-16 10:24:23,18.2,65
2025-06-16 10:39:24,18.6,65
2025-06-16 10:54:24,18.9,64
2025-06-16 11:09:24,19.0,64
2025-06-16 11:24:25,19.4,64
2025-06-16 11:39:25,19.4,64
2025-06-16 11:54:25,19.8,63
2025-06-16 12:09:26,19.9,63
2025-06-16 12:24:26,20.2,63
2025-06-16 12:39:26,20.2,62
2025-06-16 12:54:27,20.6,62
2025-06-16 13:09:27,20.6,62
2025-06-16 13:24:27,21.0,61
2025-06-16 13:39:28,21.0,61
2025-06-16 13:54:30,21.4,60
2025-06-16 14:09:31,21.4,60
2025-06-16 14:24:33,21.8,60
2025-06-16 14:39:34,21.8,60
2025-06-16 14:54:34,21.8,60
2025-06-16 15:09:37,21.8,61
2025-06-16 15:24:39,21.8,62
2025-06-16 15:39:40,21.8,62
2025-06-16 15:54:40,21.8,61
2025-06-16 16:09:41,21.8,61
2025-06-16 16:24:41,21.8,62
2025-06-16 16:39:41,21.8,62
2025-06-16 16:54:42,21.4,62
2025-06-16 17:09:44,21.4,63
2025-06-16 17:24:45,21.4,63
2025-06-16 17:39:45,21.0,63
2025-06-16 17:54:45,21.0,63
2025-06-16 18:09:48,20.6,65
2025-06-16 18:24:48,20.6,65
2025-06-16 18:39:49,20.6,65
2025-06-16 18:54:49,20.4,65
2025-06-16 19:09:49,20.2,65
2025-06-16 19:24:52,19.8,64
2025-06-16 19:39:52,19.8,65
2025-06-16 19:54:53,19.8,65
2025-06-16 20:09:53,19.8,65
2025-06-16 20:24:53,19.8,66
2025-06-16 20:39:54,19.8,67
2025-06-16 20:54:56,19.4,67
2025-06-16 21:09:57,19.4,67
2025-06-16 21:24:57,19.4,67
2025-06-16 21:39:57,19.2,67
2025-06-16 21:54:58,19.0,66
2025-06-16 22:09:58,19.0,66
2025-06-16 22:24:58,18.6,66
2025-06-16 22:39:59,18.6,66
2025-06-16 22:54:59,18.3,66
2025-06-16 23:09:59,18.2,66
2025-06-16 23:25:02,17.8,66
2025-06-16 23:40:05,17.8,66
2025-06-16 23:55:05,17.8,66
2025-06-17 00:10:05,17.8,66
2025-06-17 00:25:06,17.5,66
2025-06-17 00:40:08,17.4,66
2025-06-17 00:55:08,17.4,66
2025-06-17 01:10:09,17.4,66
2025-06-17 01:25:11,17.0,66
2025-06-17 01:40:12,17.0,66
2025-06-17 01:55:12,17.0,66
2025-06-17 02:10:13,17.0,66
2025-06-17 02:25:13,16.6,65
2025-06-17 02:40:13,16.6,65
2025-06-17 02:55:14,16.6,65
2025-06-17 03:10:16,16.2,65
2025-06-17 03:25:17,16.2,65
2025-06-17 03:40:17,16.1,65
2025-06-17 03:55:17,16.1,65
2025-06-17 04:10:20,15.8,66
2025-06-17 04:25:20,15.9,66
2025-06-17 04:40:21,15.7,66
2025-06-17 04:55:21,15.7,66
2025-06-17 05:10:21,15.7,66
2025-06-17 05:25:24,15.5,66
2025-06-17 05:40:24,15.5,66
2025-06-17 05:55:25,15.4,66
2025-06-17 06:10:25,15.2,67
